{
  "fx": 2720.46,
  "fy": 2720.46,
  "cx": 2047.26,
  "cy": 1543.51,
  "k1": 0.080587,
  "k2": -0.195243,
  "p1": 0.000297,
  "p2": 0.000175,
  "k3": 0.155738
}
